Block Address,Date,Fatal,Year,Month,Zip
"700 S 27th St., South Bend, IN ",2015/05/16,No,2015,May,46615
"1000 N Adams St., South Bend, IN ",2015/08/17,No,2015,Aug,46628
"1200 N Adams St., South Bend, IN ",2015/12/08,No,2015,Dec,46628
"500 N Allen St., South Bend, IN ",2015/12/26,No,2015,Dec,46616
"1400 N Bendix Dr., South Bend, IN ",2015/03/24,Yes,2015,Mar,46628
"400 N Birdsell St., South Bend, IN ",2015/09/20,Yes,2015,Sept,46628
"800 N Blaine St., South Bend, IN ",2015/10/10,No,2015,Oct,46616
"2600 N Bow Ct., South Bend, IN ",2015/12/24,No,2015,Dec,46628
"1100 N Brookfield St., South Bend, IN ",2015/05/24,No,2015,May,46628
"1000 W Bryan St., South Bend, IN ",2015/12/25,No,2015,Dec,46616
"200 E Calvert St., South Bend, IN ",2015/01/04,Yes,2015,Jan,46613
"200 E Calvert St., South Bend, IN ",2015/01/04,Yes,2015,Jan,46613
"200 N Chicago St., South Bend, IN ",2015/08/10,No,2015,Aug,46619
"1000 N Cleveland St., South Bend, IN ",2015/05/17,No,2015,May,46628
"600 W Colfax Ave., South Bend, IN ",2015/06/13,No,2015,Jun,46601
"400 E Corby St., South Bend, IN ",2015/07/28,Yes,2015,Jul,46617
"200 E Dubail St., South Bend, IN ",2015/11/09,No,2015,Nov,46613
"100 E Eckman St., South Bend, IN ",2015/05/19,No,2015,May,46614
"400 N Eddy St., South Bend, IN ",2015/01/01,No,2015,Jan,46617
"1800 W Elwood Ave., South Bend, IN ",2015/02/26,No,2015,Feb,46628
"200 E Fairview St., South Bend, IN ",2015/04/17,No,2015,Apr,46614
"500 S Falcon St., South Bend, IN ",2015/04/19,No,2015,Apr,46619
"1500 W Ford St., South Bend, IN ",2015/08/01,No,2015,Aug,46619
"2200 S Franklin St., South Bend, IN ",2015/07/11,Yes,2015,Jul,46613
"2400 W Frederickson St., South Bend, IN ",2015/06/09,Yes,2015,Jun,46628
"1900 E Goodson Ct., South Bend, IN ",2015/12/06,No,2015,Dec,46613
"1900 E Goodson Ct., South Bend, IN ",2015/12/06,No,2015,Dec,46613
"3300 S High St., South Bend, IN ",2015/12/24,Yes,2015,Dec,46614
"2700 S Hilltop Dr., South Bend, IN ",2015/01/11,No,2015,Jan,46614
"2900 S Hiltop Dr., South Bend, IN ",2015/09/22,No,2015,Sept,46614
"1100 N Huey St., South Bend, IN ",2015/06/17,No,2015,Jun,46628
"1600 N Huey St., South Bend, IN ",2015/03/03,No,2015,Mar,46628
"1600 N Huey St., South Bend, IN ",2015/05/28,No,2015,May,46628
"100 N Illinois St., South Bend, IN ",2015/07/21,No,2015,Jul,46619
"100 N Illinois St., South Bend, IN ",2015/12/23,No,2015,Dec,46619
"1000 W Indiana Ave., South Bend, IN ",2015/07/29,No,2015,Jul,46613
"1200 N Johnson St., South Bend, IN ",2015/03/30,No,2015,Mar,46628
"400 S Kentucky St., South Bend, IN ",2015/11/15,No,2015,Nov,46619
"1300 W Kinyon St., South Bend, IN ",2015/08/27,No,2015,Aug,46616
"1300 W Kinyon St., South Bend, IN ",2015/09/05,No,2015,Sept,46616
"300 N Lafayette Blvd., South Bend, IN ",2015/08/01,Yes,2015,Aug,46637
"300 N Lafayette Blvd., South Bend, IN ",2015/08/01,No,2015,Aug,46637
"400 N Lafayette St., South Bend, IN ",2015/12/12,No,2015,Dec,46601
"200 S Lake St., South Bend, IN ",2015/04/24,No,2015,Apr,46619
"700 S Liberty St., South Bend, IN ",2015/01/29,No,2015,Jan,46619
"1100 Lincoln Way West, South Bend, IN ",2015/04/27,No,2015,Apr,46616
"300 E Luelde St., South Bend, IN ",2015/06/20,No,2015,Jun,46614
"300 N Manchester Dr., South Bend, IN ",2015/05/17,Yes,2015,May,46615
"1400 S Marietta St., South Bend, IN ",2015/08/24,No,2015,Aug,46613
"1300 N Meade St., South Bend, IN ",2015/05/08,No,2015,May,46628
"900 N Meade St., South Bend, IN ",2015/07/19,No,2015,Jul,46628
"1600 S Michigan St., South Bend, IN ",2015/09/20,No,2015,Sept,46613
"2000 S Michigan St., South Bend, IN ",2015/01/25,No,2015,Jan,46613
"1700 N O'Brien St., South Bend, IN ",2015/10/24,No,2015,Oct,46628
"1700 N O'Brien St., South Bend, IN ",2015/10/24,No,2015,Oct,46628
"1400 N Olive St., South Bend, IN ",2015/03/02,Yes,2015,Mar,46628
"300 N Olive St., South Bend, IN ",2015/04/19,No,2015,Apr,46628
"400 N Olive St., South Bend, IN ",2015/10/15,No,2015,Oct,46628
"400 N Olive St., South Bend, IN ",2015/10/15,No,2015,Oct,46628
"2000 S Miami St., South Bend, IN ",2015/07/19,No,2015,Jul,46613
"800 S Olive St., South Bend, IN ",2015/09/06,Yes,2015,Sept,46619
"3600 N Portage Ave., South Bend, IN ",2015/11/10,No,2015,Nov,46628
"2600 W Prairie Ave., South Bend, IN ",2015/07/06,No,2015,Jul,46614
"2500 W Prast St., South Bend, IN ",2015/02/25,Yes,2015,Feb,46628
"1200 W Queen St., South Bend, IN ",2015/08/29,Yes,2015,Aug,46616
"1000 N Sherman St., South Bend, IN ",2015/11/11,No,2015,Nov,46616
"800 N Sherman St., South Bend, IN ",2015/12/06,No,2015,Dec,46616
"2400 Kenwood St., South Bend, IN ",2015/10/05,No,2015,Oct,46628
"400 N Studebaker St., South Bend, IN ",2015/08/07,No,2015,Aug,46628
"500 N Studebaker St., South Bend, IN ",2015/08/09,No,2015,Aug,46628
"1200 W VanBuren St., South Bend, IN ",2015/03/26,No,2015,Mar,46616
"500 S Warren St., South Bend, IN ",2015/03/25,No,2015,Mar,46619
"700 Lincoln Way West, South Bend, IN ",2015/12/03,No,2015,Dec,46544
"1600 W Western Ave., South Bend, IN ",2015/04/05,No,2015,Apr,46619
"1600 W Western Ave., South Bend, IN ",2015/04/05,No,2015,Apr,46619
"1600 W Western Ave., South Bend, IN ",2015/09/20,Yes,2015,Sept,46619
"3400 W Western Ave., South Bend, IN ",2015/07/26,No,2015,Jul,46619
"3500 W Western Ave., South Bend, IN ",2015/11/30,No,2015,Nov,46619
"3900 W Western Ave., South Bend, IN ",2015/12/04,No,2015,Dec,46619
"4500 W Western Ave., South Bend, IN ",2015/01/29,No,2015,Jan,46619
"1600 S Williams St., South Bend, IN ",2015/05/03,No,2015,May,46613
"1600 S Williams St., South Bend, IN ",2015/05/03,No,2015,May,46613
"1600 S Williams St., South Bend, IN ",2015/05/03,No,2015,May,46613
"1600 S Williams St., South Bend, IN ",2015/05/03,No,2015,May,46613
"1000 W Yukon St., South Bend, IN ",2015/08/14,Yes,2015,Aug,46616
"500 S 25th St., South Bend, IN ",2016/10/19,Yes,2016,Oct,46615
"1300 S 31st. St., South Bend, IN ",2016/12/11,Yes,2016,Dec,46615
"600 S 36th St., South Bend, IN ",2016/10/10,No,2016,Oct,46615
"700 N Allen St., South Bend, IN ",2016/11/13,No,2016,Nov,46616
"1500 N Anderson Ave., South Bend, IN ",2016/01/18,Yes,2016,Jan,46616
"900 E Bowman St., South Bend, IN ",2016/08/19,No,2016,Aug,46613
"900 E Bowman St., South Bend, IN ",2016/08/20,No,2016,Aug,46613
"500 E Broadway St., South Bend, IN ",2016/05/28,Yes,2016,May,46601
"700 E Broadway St., South Bend, IN ",2016/03/12,No,2016,Mar,46601
"4000 S Brookton Dr., South Bend, IN ",2016/04/05,No,2016,Apr,46614
"1200 E Cedar St., South Bend, IN ",2016/09/26,Yes,2016,Sept,46617
"1100 N Cleveland Ave., South Bend, IN ",2016/09/23,No,2016,Sept,46628
"1100 N Cleveland Ave., South Bend, IN ",2016/09/23,No,2016,Sept,46628
"1100 N Cleveland Ave., South Bend, IN ",2016/09/23,No,2016,Sept,46628
"200 W Colfax St., South Bend, IN ",2016/05/31,Yes,2016,May,46601
"1200 N College St., South Bend, IN ",2016/07/02,No,2016,Jul,46628
"1000 N Diamond Ave., South Bend, IN ",2016/04/23,No,2016,Apr,46628
"900 N Diamond Ave., South Bend, IN ",2016/07/03,No,2016,Jul,46628
"300 E Donald St., South Bend, IN ",2016/07/24,No,2016,Jul,46613
"1300 N Elmer St., South Bend, IN ",2016/12/02,No,2016,Dec,46628
"1700 N Elmer St., South Bend, IN ",2016/08/01,No,2016,Aug,46628
"2100 W Elwood St., South Bend, IN ",2016/07/08,No,2016,Jul,46628
"2300 W Elwood Ave., South Bend, IN ",2016/10/16,No,2016,Oct,46628
"2300 W Elwood Ave., South Bend, IN ",2016/10/16,No,2016,Oct,46628
"1400 W Fassnacht Ave., South Bend, IN ",2016/06/24,Yes,2016,Jun,46628
"2400 W Flint Ct., South Bend, IN ",2016/04/10,Yes,2016,Apr,46628
"400 N Frances St., South Bend, IN ",2016/06/28,No,2016,Jun,46617
"200 N Gladstone St., South Bend, IN ",2016/12/20,No,2016,Dec,46619
"500 S Harris St., South Bend, IN ",2016/11/10,No,2016,Nov,46619
"3300 S High St., South Bend, IN ",2016/10/16,No,2016,Oct,46614
"1100 N Huey St., South Bend, IN ",2016/04/15,No,2016,Apr,46628
"1700 W Humbolt St., South Bend, IN ",2016/10/20,No,2016,Oct,46628
"700 E Indiana Ave., South Bend, IN ",2016/12/05,No,2016,Dec,46613
"300 N Johnson St., South Bend, IN ",2016/05/17,No,2016,May,46628
"2500 W Kenwood Ave., South Bend, IN ",2016/05/21,No,2016,May,46628
"800 S Kosciuszko St., South Bend, IN ",2016/09/14,No,2016,Sept,46619
"1000 N Lawndale St., South Bend, IN ",2016/08/27,Yes,2016,Aug,46628
"1100 S Main St., South Bend, IN ",2016/12/03,Yes,2016,Dec,46601
"4400 W Meadow Ln., South Bend, IN ",2016/10/06,Yes,2016,Oct,46619
"2000 S Michigan St., South Bend, IN ",2016/08/07,No,2016,Aug,46613
"2100 S Michigan St., South Bend, IN ",2016/07/13,No,2016,Jul,46613
"2100 S Michigan St., South Bend, IN ",2016/07/26,No,2016,Jul,46613
"200 E Milton St., South Bend, IN ",2016/06/08,No,2016,Jun,46613
"1000 N O'Brien St., South Bend, IN ",2016/04/11,No,2016,Apr,46628
"1100 N O'Brien St., South Bend, IN ",2016/06/25,No,2016,Jun,46628
"400 N Olive St., South Bend, IN ",2016/07/04,No,2016,Jul,46628
"Prast & Olive St., South Bend, IN ",2016/10/19,No,2016,Oct,46628
"900 N Patty Ln., South Bend, IN ",2016/01/15,No,2016,Jan,46615
"900 N Patty Ln., South Bend, IN ",2016/06/11,No,2016,Jun,46615
"1200 N Portage Ave., South Bend, IN ",2016/03/06,No,2016,Mar,46616
"3500 W Putnam Pl., South Bend, IN ",2016/10/17,No,2016,Oct,46628
"2100 W Roger St., South Bend, IN ",2016/02/28,No,2016,Feb,46628
"1900 S Scott St., South Bend, IN ",2016/07/31,No,2016,Jul,46613
"1000 E St. Vincent St., South Bend, IN ",2016/10/31,No,2016,Oct,46617
"2400 S St. Joseph St., South Bend, IN ",2016/06/17,No,2016,Jun,46614
"500 N St. Louis St., South Bend, IN ",2016/04/30,No,2016,Apr,46617
"400 N Studebaker St., South Bend, IN ",2016/08/14,No,2016,Aug,46628
"400 N Studebaker St., South Bend, IN ",2016/08/14,No,2016,Aug,46628
"1000 W VanBuren St., South Bend, IN ",2016/01/03,No,2016,Jan,46616
"1000 W VanBuren St., South Bend, IN ",2016/01/03,No,2016,Jan,46616
"1500 W Vanburen St., South Bend, IN ",2016/09/08,No,2016,Sept,46628
"1300 N Vassar Ave., South Bend, IN ",2016/08/28,No,2016,Aug,46628
"1300 W Vasser Ave., South Bend, IN ",2016/05/19,No,2016,May,46628
"500 N Walnut St., South Bend, IN ",2016/03/31,No,2016,Mar,46628
"3500 W Washington St., South Bend, IN ",2016/12/17,No,2016,Dec,46619
"700 E Washington St., South Bend, IN ",2016/03/29,No,2016,Mar,46617
"1600 Lincoln Way West, South Bend, IN ",2016/08/18,No,2016,Aug,46628
"1800 Lincoln Way West, South Bend, IN ",2016/08/02,No,2016,Aug,46628
"1800 Lincoln Way West, South Bend, IN ",2016/08/02,No,2016,Aug,46628
"700 S Webster St., South Bend, IN ",2016/10/08,No,2016,Oct,46619
"700 S Webster St., South Bend, IN ",2016/10/08,No,2016,Oct,46619
"800 S Wellington St., South Bend, IN ",2016/06/10,No,2016,Jun,46619
"700 Lincoln Way West, South Bend, IN ",2016/11/27,No,2016,Nov,46544
"1600 W Western Ave., South Bend, IN ",2016/03/28,No,2016,Mar,46619
"2500 W Western Ave., South Bend, IN ",2016/02/27,No,2016,Feb,46619
"3500 W Western Ave., South Bend, IN ",2016/05/17,No,2016,May,46619
"1200 N Wilber St., South Bend, IN ",2016/05/18,No,2016,May,46628
"1300 N Wilber St., South Bend, IN ",2016/05/24,No,2016,May,46628
"Unknown, South Bend, IN ",2016/03/05,No,2016,Mar,
"Unknown, South Bend, IN ",2016/08/03,No,2016,Aug,
"700 S 24th St., South Bend, IN ",2017/09/05,No,2017,Sept,46615
"1200 S 35th St., South Bend, IN ",2017/08/01,No,2017,Aug,46615
"600 N Arhur St., South Bend, IN ",2017/07/22,No,2017,Jul,46617
"800 S Bendix Dr., South Bend, IN ",2017/03/16,Yes,2017,Mar,46619
"300 N Birdsell St., South Bend, IN ",2017/12/11,No,2017,Dec,46628
"1100 N Blaine Ave., South Bend, IN ",2017/02/06,Yes,2017,Feb,46616
"1900 N Brookfield St., South Bend, IN ",2017/07/31,No,2017,Jul,46628
"1300 E Calvert St., South Bend, IN ",2017/11/30,No,2017,Nov,46613
"200 E Calvert St., South Bend, IN ",2017/06/10,No,2017,Jun,46613
"200 E Calvert St., South Bend, IN ",2017/06/22,No,2017,Jun,46613
"700 W Calvert St., South Bend, IN ",2017/12/04,No,2017,Dec,46613
"400 S Chicago St., South Bend, IN ",2017/01/02,No,2017,Jan,46619
"800 W Colfax Ave., South Bend, IN ",2017/05/05,No,2017,May,46601
"1100 N College St., South Bend, IN ",2017/05/16,No,2017,May,46628
"1500 N College St., South Bend, IN ",2017/04/17,No,2017,Apr,46628
"1500 N College St., South Bend, IN ",2017/04/17,No,2017,Apr,46628
"3700 N Curtiss Dr., South Bend, IN ",2017/07/08,No,2017,Jul,46628
"900 E Dayton St., South Bend, IN ",2017/06/07,No,2017,Jun,46613
"1200 N Diamond Ave., South Bend, IN ",2017/02/09,No,2017,Feb,46628
"1200 E Donald St., South Bend, IN ",2017/04/15,No,2017,Apr,46613
"300 E Donald St., South Bend, IN ",2017/12/01,No,2017,Dec,46613
"800 W Dubail St., South Bend, IN ",2017/08/29,No,2017,Aug,46613
"1500 W Dunham St., South Bend, IN ",2017/05/02,No,2017,May,46619
"400 E Eckman St., South Bend, IN ",2017/06/15,No,2017,Jun,46614
"200 E Ewing Ave., South Bend, IN ",2017/01/01,No,2017,Jan,46613
"1600 W Fassnacht Ave., South Bend, IN ",2017/05/29,No,2017,May,46628
"2000 W Frederickson St., South Bend, IN ",2017/06/01,No,2017,Jun,46628
"2100 W Frederickson St., South Bend, IN ",2017/08/02,Yes,2017,Aug,46628
"2100 W Frederickson St., South Bend, IN ",2017/08/02,Yes,2017,Aug,46628
"2100 W Frederickson St., South Bend, IN ",2017/08/02,No,2017,Aug,46628
"2100 W Frederickson St., South Bend, IN ",2017/08/02,No,2017,Aug,46628
"1900 N Fremont St., South Bend, IN ",2017/09/22,No,2017,Sept,46628
"3500 S High St., South Bend, IN ",2017/01/26,Yes,2017,Jan,46614
"1100 N Huey St., South Bend, IN ",2017/07/06,No,2017,Jul,46628
"800 N Huey St., South Bend, IN ",2017/11/26,No,2017,Nov,46628
"100 W Indiana Ave., South Bend, IN ",2017/03/30,No,2017,Mar,46613
"1000 W Indiana Ave., South Bend, IN ",2017/11/25,No,2017,Nov,46613
"1000 W Indiana Ave., South Bend, IN ",2017/11/25,Yes,2017,Nov,46613
"1100 E Indiana Ave., South Bend, IN ",2017/06/05,No,2017,Jun,46613
"1700 N Ironwood Dr., South Bend, IN ",2017/08/19,No,2017,Aug,46635
"3700 W Jefferson Blvd., South Bend, IN ",2017/04/28,No,2017,Apr,46619
"3700 W Jefferson Blvd., South Bend, IN ",2017/09/26,No,2017,Sept,46619
"3800 W Jefferson Blvd., South Bend, IN ",2017/07/23,No,2017,Jul,46628
"1600 N Johnson St., South Bend, IN ",2017/10/11,No,2017,Oct,46628
"1500 W Keller St., South Bend, IN ",2017/09/23,No,2017,Sept,46628
"2200 S Kendall St., South Bend, IN ",2017/05/18,No,2017,May,46613
"2200 S Kendall St., South Bend, IN ",2017/05/18,Yes,2017,May,46613
"100 S Kentucky St., South Bend, IN ",2017/03/02,No,2017,Mar,46619
"1500 S Lebanon St., South Bend, IN ",2017/09/23,Yes,2017,Sept,46613
"1500 S Lebanon St., South Bend, IN ",2017/09/23,No,2017,Sept,46613
"800 N Lindenwood Dr., South Bend, IN ",2017/02/10,No,2017,Feb,46637
"900 W Lindsey St., South Bend, IN ",2017/02/04,No,2017,Feb,46616
"100 S Logan St., South Bend, IN ",2017/04/30,Yes,2017,Apr,46544
"100 S Logan St., South Bend, IN ",2017/04/30,No,2017,Apr,46544
"1100 E Madison St., South Bend, IN ",2017/09/18,No,2017,Sept,46617
"1100 E Madison St., South Bend, IN ",2017/09/18,No,2017,Sept,46617
"1200 E Madison St., South Bend, IN ",2017/02/16,No,2017,Feb,46617
"1600 S Marine St., South Bend, IN ",2017/11/24,No,2017,Nov,46613
"2200 S Michigan St., South Bend, IN ",2017/06/15,No,2017,Jun,46613
"2600 S Michigan St., South Bend, IN ",2017/03/16,No,2017,Mar,46614
"2700 S Michigan St., South Bend, IN ",2017/05/23,No,2017,May,46614
"3000 S Michigan St., South Bend, IN ",2017/03/12,Yes,2017,Mar,46614
"3200 S Michigan St., South Bend, IN ",2017/01/11,No,2017,Jan,46614
"1400 E Mishawaka Ave., South Bend, IN ",2017/03/10,No,2017,Mar,46615
"2500 E Mishawaka Ave., South Bend, IN ",2017/03/10,No,2017,Mar,46615
"600 W Monroe St., South Bend, IN ",2017/10/30,No,2017,Oct,46601
"1000 W Oak St., South Bend, IN ",2017/11/18,No,2017,Nov,46601
"1200 N O'Brien St., South Bend, IN ",2017/07/04,No,2017,Jul,46628
"1300 N O'Brien St., South Bend, IN ",2017/04/06,Yes,2017,Apr,46628
"1000 N Patty Ln., South Bend, IN ",2017/08/12,No,2017,Aug,46615
"1400 N Portage Ave., South Bend, IN ",2017/06/24,No,2017,Jun,46616
"2200 W Roger St., South Bend, IN ",2017/07/29,No,2017,Jul,46628
"2200 W Roger St., South Bend, IN ",2017/07/29,No,2017,Jul,46628
"1700 S Taylor St., South Bend, IN ",2017/04/09,No,2017,Apr,46613
"900 W Thomas St., South Bend, IN ",2017/08/14,No,2017,Aug,46601
"100 N Varsity Dr., South Bend, IN ",2017/11/21,Yes,2017,Nov,46615
"3600 E Vine St., South Bend, IN ",2017/02/06,No,2017,Feb,46615
"1500 S Virginia St., South Bend, IN ",2017/06/23,No,2017,Jun,46613
"100 N Walton Ave., South Bend, IN ",2017/07/04,No,2017,Jul,46619
"1200 W Washington St., South Bend, IN ",2017/07/08,No,2017,Jul,46601
"1400 W Washington St., South Bend, IN ",2017/03/29,No,2017,Mar,46601
"3400 W Washington St., South Bend, IN ",2017/05/20,Yes,2017,May,46619
"3400 W Washington St., South Bend, IN ",2017/06/05,No,2017,Jun,46619
"200 N Wellington St., South Bend, IN ",2017/02/19,No,2017,Feb,46619
"1200 Lincoln Way West, South Bend, IN ",2017/07/26,No,2017,Jul,46628
"3000 Lincoln Way West, South Bend, IN ",2017/02/10,No,2017,Feb,46628
"3200 Lincoln Way West, South Bend, IN ",2017/10/21,Yes,2017,Oct,46628
"700 Lincoln Way West, South Bend, IN ",2017/08/19,No,2017,Aug,46544
"1500 W Western Ave., South Bend, IN ",2017/02/05,No,2017,Feb,46619
"1600 W Western Ave., South Bend, IN ",2017/11/24,No,2017,Nov,46619
"3500 W Western Ave., South Bend, IN ",2017/03/20,No,2017,Mar,46619
"1100 N Wilber St., South Bend, IN ",2017/06/12,No,2017,Jun,46628
"1100 N Wilber St., South Bend, IN ",2017/06/27,No,2017,Jun,46628
"1200 N Wilber St., South Bend, IN ",2017/09/29,No,2017,Sept,46628
"5200 W Windfall Ct., South Bend, IN ",2017/04/25,Yes,2017,Apr,46619
"1000 W Yukon St., South Bend, IN ",2017/02/18,Yes,2017,Feb,46616
"1000 W Yukon St., South Bend, IN ",2017/02/18,No,2017,Feb,46616
"1000 W Yukon St., South Bend, IN ",2017/02/18,No,2017,Feb,46616
"1000 W Yukon St., South Bend, IN ",2017/02/18,No,2017,Feb,46616
"Illinois St., South Bend, IN ",2017/11/17,No,2017,Nov,46619
"Unknown, South Bend, IN ",2017/04/19,No,2017,Apr,
"Unknown, South Bend, IN ",2017/05/10,No,2017,May,
"Clover/Hildreth, South Bend, IN ",2018/01/18,Yes,2018,Jan,46615
"1800 N Johnson, South Bend, IN ",2018/01/11,Yes,2018,Jan,46628
"400 E Howard, South Bend, IN ",2018/01/22,No,2018,Jan,46030
"400 W Marion, South Bend, IN ",2018/01/23,No,2018,Jan,46601
"4300 W Silver, South Bend, IN ",2018/02/17,Yes,2018,Feb,46619
"800 E Dayton, South Bend, IN ",2018/03/11,No,2018,Mar,46613
"800 E Dayton, South Bend, IN ",2018/03/11,No,2018,Mar,46613
"800 E Dayton, South Bend, IN ",2018/03/11,No,2018,Mar,46613
"1100 N Elmer, South Bend, IN ",2018/02/19,No,2018,Feb,46628
"800 E Dayton, South Bend, IN ",2018/03/11,No,2018,Mar,46613
"1700 N Elmer, South Bend, IN ",2018/03/22,No,2018,Mar,46628
"1300 W Linden, South Bend, IN ",2018/03/17,No,2018,Mar,46619
"800 E Dayton, South Bend, IN ",2018/03/11,No,2018,Mar,46613
"1900 N Fremont, South Bend, IN ",2018/03/14,No,2018,Mar,46628
"Olive/Elwood, South Bend, IN ",2018/03/23,No,2018,Mar,46628
"1300 W King, South Bend, IN ",2018/04/17,No,2018,Apr,46628
"800 E Dayton, South Bend, IN ",2018/03/11,No,2018,Mar,46613
"2000 S Miami, South Bend, IN ",2018/04/02,No,2018,Apr,46613
"Eddy/Lasalle, South Bend, IN ",2018/05/29,No,2018,May,46617
"300 W Marion, South Bend, IN ",2018/03/22,No,2018,Mar,46601
"2100 Carroll, South Bend, IN ",2018/06/07,No,2018,Jun,46613
"300 W Maion, South Bend, IN ",2018/03/22,No,2018,Mar,46601
"200 N Brookfield, South Bend, IN ",2018/04/19,No,2018,Apr,46628
"1200 N Eddy, South Bend, IN ",2018/03/25,No,2018,Mar,46556
"1200 W California Ave, South Bend, IN ",2018/03/30,No,2018,Mar,46616
"3500 Curtiss, South Bend, IN ",2018/04/13,No,2018,Apr,46628
"300 N LaPorte, South Bend, IN ",2018/06/10,No,2018,Jun,46601
"1300 E Cedar, South Bend, IN ",2018/05/06,No,2018,May,46617
"2800 W Frederickson, South Bend, IN ",2018/04/14,No,2018,Apr,46628
"2000 S Miami, South Bend, IN ",2018/05/02,No,2018,May,46613
"300 N LaPorte, South Bend, IN ",2018/06/10,No,2018,Jun,46350
"1600 N. Illinios, South Bend, IN ",2018/04/20,No,2018,Apr,46628
"300 N Notre Dame, South Bend, IN ",2018/05/22,No,2018,May,46617
"700 E Indiana, South Bend, IN ",2018/05/09,No,2018,May,46613
"300 W Ireland, South Bend, IN ",2018/05/08,No,2018,May,46614
"1800 S Brookfield, South Bend, IN ",2018/06/10,No,2018,Jun,46613
"600 N Studebaker, South Bend, IN ",2018/05/28,Yes,2018,May,46628
"1300 W Grace, South Bend, IN ",2018/06/17,No,2018,Jun,46619
"900 Northside, South Bend, IN ",2018/06/23,Yes,2018,Jun,46617
"2800 W Westmoor, South Bend, IN ",2018/05/26,No,2018,May,46628
"1300 E Campeau, South Bend, IN ",2018/09/01,No,2018,Sept,46617
"1100 N Elmer, South Bend, IN ",2018/06/07,No,2018,Jun,46628
"Elmer/Vasser, South Bend, IN ",2018/07/01,No,2018,Jul,46628
"2100 W Bertrand, South Bend, IN ",2018/09/09,Yes,2018,Sept,46628
"300 W Marion, South Bend, IN ",2018/10/04,No,2018,Oct,46601
"1900 S Miami, South Bend, IN ",2018/07/02,No,2018,Jul,46613
"1700 W Fassnacht, South Bend, IN ",2018/07/04,No,2018,Jul,46628
"1700 Lincolnway West, South Bend, IN ",2018/11/06,No,2018,Nov,46628
"300 W Marion, South Bend, IN ",2018/10/04,No,2018,Oct,46601
"1500 N Anderson, South Bend, IN ",2018/10/07,Yes,2018,Oct,46616
"200 N Olive, South Bend, IN ",2018/11/15,No,2018,Nov,46628
"600 W LaSalle, South Bend, IN ",2018/07/11,No,2018,Jul,46601
"900 Dubail, South Bend, IN ",2018/10/10,No,2018,Oct,46613
"1300 S St Joseph, South Bend, IN ",2018/09/14,No,2018,Sept,46601
"2400 W Prast, South Bend, IN ",2018/07/26,No,2018,Jul,46628
"100 E Milton, South Bend, IN ",2018/09/18,Yes,2018,Sept,46613
"300 N Lafayette, South Bend, IN ",2018/08/11,No,2018,Aug,46637
"4000 W Western, South Bend, IN ",2018/09/24,No,2018,Sept,46619
"2100 W Western, South Bend, IN ",2018/08/12,No,2018,Aug,46619
"500 N La Porte, South Bend, IN ",2018/11/16,No,2018,Nov,46628
"1000 N Frances, South Bend, IN ",2018/09/30,No,2018,Sept,46617
"3800 W Jefferson, South Bend, IN ",2018/11/29,No,2018,Nov,46619
"300 W Marion, South Bend, IN ",2018/10/04,No,2018,Oct,46601
"4000 W Sample, South Bend, IN ",2018/11/29,No,2018,Nov,46619
"1700 E South Bend, South Bend, IN ",2018/08/18,No,2018,Aug,46615
"2500 W Bertrand, South Bend, IN ",2018/08/24,No,2018,Aug,46628
"1700 S Scott, South Bend, IN ",2018/12/02,No,2018,Dec,46613
"300 W Marion, South Bend, IN ",2018/10/04,No,2018,Oct,46601
"1700 S Scott, South Bend, IN ",2018/12/02,No,2018,Dec,46613
"300 W Marion, South Bend, IN ",2018/10/04,No,2018,Oct,46601
"1100 W Western, South Bend, IN ",2018/10/13,No,2018,Oct,46601
"2300 Kenwood, South Bend, IN ",2018/10/22,No,2018,Oct,46628
"300 W Marion, South Bend, IN ",2018/10/04,No,2018,Oct,46601
"1000 W Colfax, South Bend, IN ",2018/10/28,No,2018,Oct,46601
"1800 S Pulaski, South Bend, IN ",2018/10/31,No,2018,Oct,46619
"3600 S High, South Bend, IN ",2018/12/16,No,2018,Dec,46601
"1800 S Pulaski, South Bend, IN ",2018/10/31,No,2018,Oct,46619
"2500 W Prairie, South Bend, IN ",2018/11/03,Yes,2018,Nov,46614
"Haney Ave, South Bend, IN 46613",2019/01/01,No,2019,Jan,46613
"2600 S Michigan St, South Bend, IN 46614",2019/01/02,No,2019,Jan,46614
"4800 Belleville Cir, South Bend, IN 46619",2019/01/06,No,2019,Jan,46619
"1200 E Haney Ave, South Bend, IN 46613",2019/01/12,No,2019,Jan,46613
"1700 S Chapin St, South Bend, IN 46613",2019/01/13,No,2019,Jan,46613
"500 N Brookfield St, South Bend, IN 46628",2019/01/13,Yes,2019,Jan,46628
"500 N Brookfield St, South Bend, IN 46628",2019/01/13,No,2019,Jan,46628
"600 N Cushing St, South Bend, IN 46616",2019/01/14,No,2019,Jan,46616
"1300 W Fisher St, South Bend, IN 46619",2019/02/22,No,2019,Feb,46619
"1300 W Washington St, South Bend, IN 46601",2019/02/25,Yes,2019,Feb,46601
"100 N Walnut St, South Bend, IN 46628",2019/03/11,No,2019,Mar,46628
"1600 S Michigan St, South Bend, IN 46613",2019/03/23,No,2019,Mar,46613
"2100 W Lathrop St, South Bend, IN 46628",2019/03/29,No,2019,Mar,46628
"100 N Notre Dame Ave, South Bend, IN 46617",2019/03/31,No,2019,Mar,46617
"300 N O'brien St, South Bend, IN 46628",2019/03/31,No,2019,Mar,46628
"1700 N Kaley St, South Bend, IN 46628",2019/03/31,No,2019,Mar,46628
"300 N O'brien St, South Bend, IN 46628",2019/04/08,Yes,2019,Apr,46628
"300 N Eddy St, South Bend, IN 46617",2019/04/11,No,2019,Apr,46617
"100 W Lasalle Ave, South Bend, IN 46601",2019/04/20,No,2019,Apr,46601
"1300 W Huron St, South Bend, IN 46619",2019/04/28,No,2019,Apr,46619
"300 W Marion St, South Bend, IN 46601",2019/04/28,Yes,2019,Apr,46601
"600 E Bronson St, South Bend, IN 46601",2019/04/29,No,2019,Apr,46601
"1600 S Michigan St, South Bend, IN 46613",2019/05/12,No,2019,May,46613
"2300 W Elwood Ave, South Bend, IN 46628",2019/05/16,No,2019,May,46628
"700 N Portage Ave, South Bend, IN 46616",2019/05/17,No,2019,May,46616
"2300 W Western Ave, South Bend, IN 46619",2019/05/18,No,2019,May,46619
"1700 S Scott St, South Bend, IN 46613",2019/05/30,No,2019,May,46613
"1700 S Scott St, South Bend, IN 46613",2019/05/30,No,2019,May,46613
"1100 N College St, South Bend, IN 46628",2019/05/31,No,2019,May,46628
"2300 W Elwood Ave, South Bend, IN 46628",2019/06/04,No,2019,Jun,46628
"100 E Irvington St, South Bend, IN 46614",2019/06/06,No,2019,Jun,46614
"100 E Irvington St, South Bend, IN 46614",2019/06/06,No,2019,Jun,46614
"200 S Meade St, South Bend, IN 46619",2019/06/06,No,2019,Jun,46619
"200 S Meade St, South Bend, IN 46619",2019/06/06,No,2019,Jun,46619
"2700 W Buckskin Ln, South Bend, IN 46628",2019/06/07,Yes,2019,Jun,46628
"1800 W Fassnacht Ave, South Bend, IN 46628",2019/06/08,No,2019,Jun,46628
"200 S Meade St, South Bend, IN 46619",2019/06/09,No,2019,Jun,46619
"200 S Meade St, South Bend, IN 46619",2019/06/09,No,2019,Jun,46619
"200 S Meade St, South Bend, IN 46619",2019/06/09,No,2019,Jun,46619
"1800 W Ewing Ave, South Bend, IN 46613",2019/06/19,No,2019,Jun,46613
"100 N Woodhill Ln, South Bend, IN 46619",2019/06/19,Yes,2019,Jun,46619
"1200 E Mishawaka Ave, South Bend, IN 46615",2019/06/23,Yes,2019,Jun,46615
"1200 E Mishawaka Ave, South Bend, IN 46615",2019/06/23,No,2019,Jun,46615
"1200 E Mishawaka Ave, South Bend, IN 46615",2019/06/23,No,2019,Jun,46615
"1200 E Mishawaka Ave, South Bend, IN 46615",2019/06/23,No,2019,Jun,46615
"1200 E Mishawaka Ave, South Bend, IN 46615",2019/06/23,No,2019,Jun,46615
"1200 E Mishawaka Ave, South Bend, IN 46615",2019/06/23,No,2019,Jun,46615
"1200 E Mishawaka Ave, South Bend, IN 46615",2019/06/23,No,2019,Jun,46615
"1200 E Mishawaka Ave, South Bend, IN 46615",2019/06/23,No,2019,Jun,46615
"1200 E Mishawaka Ave, South Bend, IN 46615",2019/06/23,No,2019,Jun,46615
"1200 E Mishawaka Ave, South Bend, IN 46615",2019/06/23,No,2019,Jun,46615
"1200 E Mishawaka Ave, South Bend, IN 46615",2019/06/23,No,2019,Jun,46615
"4800 W Meadow Ln, South Bend, IN 46619",2019/06/29,No,2019,Jun,46619
"4800 W Meadow Ln, South Bend, IN 46619",2019/06/29,No,2019,Jun,46619
"3400 Putnam Pl , South Bend, IN 46628",2019/06/29,No,2019,Jun,46628
"1200 E Indiana Ave, South Bend, IN 46613",2019/07/06,No,2019,Jul,46613
"2200 Kenwood Ave, South Bend, IN 46628",2019/07/11,No,2019,Jul,46628
"200 N Kaley St, South Bend, IN 46619",2019/07/13,No,2019,Jul,46619
"300 S Bendix Dr, South Bend, IN 46619",2019/07/14,No,2019,Jul,46619
"400 E Lasalle Ave, South Bend, IN 46617",2019/07/21,No,2019,Jul,46617
"400 E Lasalle Ave, South Bend, IN 46617",2019/07/21,No,2019,Jul,46617
"400 E Lasalle Ave, South Bend, IN 46617",2019/07/21,Yes,2019,Jul,46617
"4400 W Western Ave, South Bend, IN 46619",2019/07/27,No,2019,Jul,46619
"N Arthur St, South Bend, IN 46617",2019/08/03,No,2019,Aug,46617
"1200 E Cedar St, South Bend, IN 46617",2019/08/03,No,2019,Aug,46617
"2500 Kenwood Ave, South Bend, IN 46628",2019/08/03,No,2019,Aug,46628
"4600 W Western Ave, South Bend, IN 46619",2019/08/11,No,2019,Aug,46619
"4600 W Western Ave, South Bend, IN 46619",2019/08/11,No,2019,Aug,46619
"4600 W Western Ave, South Bend, IN 46619",2019/08/11,No,2019,Aug,46619
"3800 N Curtiss Dr, South Bend, IN 46628",2019/08/11,No,2019,Aug,46628
"1000 W Lincoln Way , South Bend, IN 46616",2019/08/12,No,2019,Aug,46616
"600 W Lasalle Ave, South Bend, IN 46601",2019/08/12,No,2019,Aug,46601
"1200 W Washington St, South Bend, IN 46601",2019/08/14,No,2019,Aug,46601
"1900 E Ireland Rd, South Bend, IN 46614",2019/08/16,No,2019,Aug,46614
"3400 S High St, South Bend, IN 46614",2019/08/17,No,2019,Aug,46614
"1300 W Ewing Ave, South Bend, IN 46613",2019/08/21,No,2019,Aug,46613
"1200 W Lincoln Way, South Bend, IN 46628",2019/08/23,No,2019,Aug,46628
"1100 N Huey St, South Bend, IN 46628",2019/08/26,No,2019,Aug,46628
"1700 N Huey St, South Bend, IN 46628",2019/09/08,No,2019,Sept,46628
"2500 Kenwood Ave, South Bend, IN 46628",2019/09/08,No,2019,Sept,46628
"300 N Brookfield St, South Bend, IN 46628",2019/09/14,No,2019,Sept,46628
"1900 W Lincoln Way, South Bend, IN 46628",2019/09/15,No,2019,Sept,46628
"3400 W Lincoln Way, South Bend, IN 46628",2019/09/18,Yes,2019,Sept,46628
"1200 E Donald St, South Bend, IN 46613",2019/09/19,No,2019,Sept,46613
"300 E Fairview Ave, South Bend, IN 46614",2019/09/20,No,2019,Sept,46614
"1200 E Cedar St, South Bend, IN 46617",2019/09/21,Yes,2019,Sept,46617
"1200 E Cedar St, South Bend, IN 46617",2019/09/21,No,2019,Sept,46617
"1200 E Cedar St, South Bend, IN 46617",2019/09/21,No,2019,Sept,46617
"1200 E Cedar St, South Bend, IN 46617",2019/09/21,No,2019,Sept,46617
"1300 W King St, South Bend, IN 46628",2019/10/01,No,2019,Oct,46628
"300 N Lafayette Blvd, South Bend, IN 46637",2019/10/19,Yes,2019,Oct,46637
"500 E Broadway St, South Bend, IN 46601",2019/10/23,No,2019,Oct,46601
"2200 W Humboldt St, South Bend, IN 46628",2019/10/27,No,2019,Oct,46628
"2200 W Humboldt St, South Bend, IN 46628",2019/10/27,No,2019,Oct,46628
"2200 W Humboldt St, South Bend, IN 46628",2019/10/27,No,2019,Oct,46628
"2600 W Huron St, South Bend, IN 46619",2019/11/10,No,2019,Nov,46619
"1900 W Linden Ave, South Bend, IN 46619",2019/11/17,No,2019,Nov,46619
"2400 W Poland St, South Bend, IN 46619",2019/11/23,No,2019,Nov,46619
"1500 Leer St , South Bend, IN 46613",2019/12/01,No,2019,Dec,46613
"1900 E Calvert St, South Bend, IN 46613",2019/12/03,No,2019,Dec,46613
"1000 E Ireland Rd, South Bend, IN 46614",2019/12/08,No,2019,Dec,46614
"400 S Wellington St, South Bend, IN 46619",2019/12/09,No,2019,Dec,46619
"400 S Wellington St, South Bend, IN 46619",2019/12/09,No,2019,Dec,46619
"1900 Linden Ave, South Bend, IN 46628",2019/12/22,No,2019,Dec,46628
"1900 Linden Ave, South Bend, IN 46628",2019/12/22,No,2019,Dec,46628
"500 N Birdsell St, South Bend, IN 46628",2019/12/24,No,2019,Dec,46628
"2300 W Elwood Ave, South Bend, IN 46628",2019/12/26,No,2019,Dec,46628
"1500 S Main St, South Bend, IN 46613",2019/12/28,No,2019,Dec,46613
"500 N Sherman Ave, South Bend, IN 46616",2019/12/30,No,2019,Dec,46616
"2000 S MICHIGAN ST, South Bend, IN 46613",2020/01/01,Yes,2020,Jan,46613
"2000 S MICHIGAN ST, South Bend, IN 46613",2020/01/01,No,2020,Jan,46613
"1900 S LEER ST, South Bend, IN 46613",2020/01/02,No,2020,Jan,46613
"1300 E CORBY BLVD, South Bend, IN 46617",2020/01/04,Yes,2020,Jan,46617
"700 N JOHNSON ST, South Bend, IN 46628",2020/01/05,No,2020,Jan,46628
"800 S GLADSTONE ST, South Bend, IN 46619",2020/01/09,No,2020,Jan,46619
"3000 S MAIN ST, South Bend, IN 46614",2020/01/11,No,2020,Jan,46614
"2700 W HARTZER ST, South Bend, IN 46628",2020/01/13,Yes,2020,Jan,46628
"2400 E CORBY BLVD, South Bend, IN 46615",2020/01/21,No,2020,Jan,46615
"1100 N ECLIPSE PL, South Bend, IN 46628",2020/01/23,No,2020,Jan,46628
"1900 E CALVERT ST, South Bend, IN 46613",2020/01/25,No,2020,Jan,46613
"600 S LIBERTY ST, South Bend, IN 46619",2020/01/26,Yes,2020,Jan,46619
"1000 N JOHNSON ST, South Bend, IN 46628",2020/02/02,No,2020,Feb,46628
"200 E DONALD ST, South Bend, IN 46613",2020/02/04,No,2020,Feb,46613
"1800 PRAIRIE AVE, South Bend, IN 46613",2020/02/08,No,2020,Feb,46613
"1100 N PATTY LN, South Bend, IN 46615",2020/02/12,Yes,2020,Feb,46615
"W DUBAIL AVE & S GRANT ST, South Bend, IN 46613",2020/02/12,Yes,2020,Feb,46613
"1300 N COLLEGE ST, South Bend, IN 46628",2020/02/14,No,2020,Feb,46628
"1300 N COLLEGE ST, South Bend, IN 46628",2020/02/14,No,2020,Feb,46628
"2200 KENWOOD AVE, South Bend, IN 46628",2020/02/21,No,2020,Feb,46628
"1600 S KEMBLE AVE, South Bend, IN 46613",2020/02/23,No,2020,Feb,46613
"3200 W SAMPLE ST, South Bend, IN 46619",2020/02/29,No,2020,Feb,46619
"1600 N ELMER ST, South Bend, IN 46628",2020/03/03,Yes,2020,Mar,46628
"700 N JOHNSON ST, South Bend, IN 46628",2020/03/07,No,2020,Mar,46628
"300 N LAFAYETTE BL, South Bend, IN 46637",2020/03/14,Yes,2020,Mar,46637
"900 N OLIVE ST, South Bend, IN 46628",2020/03/14,No,2020,Mar,46628
"1500 S MAIN ST, South Bend, IN 46613",2020/03/15,No,2020,Mar,46613
"S KENTUCKY ST & W WESTERN AVE, South Bend, IN 46619",2020/03/16,Yes,2020,Mar,46619
"100 N LA PORTE AVE, South Bend, IN 46616",2020/03/16,No,2020,Mar,46616
"2000 S MICHIGAN ST, South Bend, IN 46613",2020/03/17,No,2020,Mar,46613
"1200 W DUNHAM ST, South Bend, IN 46619",2020/03/18,No,2020,Mar,46619
"3300 S HIGH ST, South Bend, IN 46614",2020/03/22,No,2020,Mar,46614
"1900 W ELWOOD AVE, South Bend, IN 46628",2020/03/29,No,2020,Mar,46628
"1900 W ELWOOD AVE, South Bend, IN 46628",2020/03/29,No,2020,Mar,46628
"1300 N JOHNSON ST, South Bend, IN 46628",2020/04/03,No,2020,Apr,46628
"400 N OLIVE ST, South Bend, IN 46628",2020/04/11,No,2020,Apr,46628
"300 N EDDY ST, South Bend, IN 46617",2020/04/24,Yes,2020,Apr,46617
"1100 QUEEN ST, South Bend, IN 46616",2020/04/26,No,2020,Apr,46616
"500 S OLIVE ST, South Bend, IN 46619",2020/04/26,No,2020,Apr,46619
"500 S OLIVE ST, South Bend, IN 46619",2020/04/26,No,2020,Apr,46619
"800 W LASALLE AVE, South Bend, IN 46601",2020/05/04,No,2020,May,46601
"1200 N HUEY ST, South Bend, IN 46628",2020/05/09,No,2020,May,46628
"100 E ALTGELD ST, South Bend, IN 46614",2020/05/10,No,2020,May,46614
"1200 MCKINLEY AVE, South Bend, IN 46617",2020/05/13,Yes,2020,May,46617
"1200 MCKINLEY AVE, South Bend, IN 46617",2020/05/13,No,2020,May,46617
"1500 W LINDEN AVE, South Bend, IN 46628",2020/05/16,No,2020,May,46628
"1600 E BOWMAM ST, South Bend, IN 46613",2020/05/23,No,2020,May,46613
"1500 N ANDERSON AVE, South Bend, IN 46616",2020/05/25,No,2020,May,46616
"400 N SUNNYSIDE AVE, South Bend, IN 46617",2020/05/27,No,2020,May,46617
"400 N SUNNYSIDE AVE, South Bend, IN 46617",2020/05/27,No,2020,May,46617
"1100 N FREMONT ST, South Bend, IN 46628",2020/05/29,No,2020,May,46628
"1900 S MIAMI ST, South Bend, IN 46613",2020/06/02,No,2020,Jun,46613
"2200 W BERGAN ST, South Bend, IN 46628",2020/06/04,No,2020,Jun,46628
"2200 W BERGAN ST, South Bend, IN 46628",2020/06/04,No,2020,Jun,46628
"2200 FRANKLIN ST, South Bend, IN 46613",2020/06/05,No,2020,Jun,46613
"1700 S KEMBLE AVE, South Bend, IN 46613",2020/06/05,No,2020,Jun,46613
"200 S CHESTNUT ST, South Bend, IN 46601",2020/06/05,No,2020,Jun,46601
"400 N OLIVE ST, South Bend, IN 46628",2020/06/06,No,2020,Jun,46628
"400 N OLIVE ST, South Bend, IN 46628",2020/06/06,No,2020,Jun,46628
"900 E EWING AVE, South Bend, IN 46613",2020/06/09,No,2020,Jun,46613
"3600 CURTISS DR, South Bend, IN 46628",2020/06/13,Yes,2020,Jun,46628
"1000 N HUEY ST, South Bend, IN 46628",2020/06/14,No,2020,Jun,46628
"1100 E INDIANA AVE, South Bend, IN 46613",2020/06/15,No,2020,Jun,46613
"3900 W WESTERN AVE, South Bend, IN 46619",2020/06/15,No,2020,Jun,46619
"300 N OLIVE ST, South Bend, IN 46628",2020/06/21,No,2020,Jun,46628
"UNKNOWN, South Bend, IN ",2020/06/21,No,2020,Jun,
"BROOKFIELD ST & ELWOOD AVE, South Bend, IN 46628",2020/06/24,No,2020,Jun,46628
"900 S 36TH ST, South Bend, IN 46615",2020/06/29,No,2020,Jun,46615
"1600 S MARINE ST, South Bend, IN 46613",2020/07/03,Yes,2020,Jul,46613
"ALTGELD ST & MICHIGAN ST, South Bend, IN 46614",2020/07/09,No,2020,Jul,46614
"3600 S HIGH ST, South Bend, IN 46614",2020/07/12,No,2020,Jul,46614
"900 E CORBY BLVD, South Bend, IN 46617",2020/07/13,No,2020,Jul,46617
"1100 N NOTRE DAME AVE, South Bend, IN 46617",2020/07/13,No,2020,Jul,46617
"E NORTHSIDE BLVD & S 27TH ST, South Bend, IN 46615",2020/07/14,No,2020,Jul,46615
"200 N OBRIEN ST, South Bend, IN 46628",2020/07/22,No,2020,Jul,46628
"1600 ELWOOD AVE, South Bend, IN 46628",2020/07/23,No,2020,Jul,46628
"4400 IRISH HILLS DR, South Bend, IN 46614",2020/07/25,Yes,2020,Jul,46614
"4400 IRISH HILLS DR, South Bend, IN 46614",2020/07/25,No,2020,Jul,46614
"S FALCON ST & W WESTERN AVE, South Bend, IN 46619",2020/07/26,No,2020,Jul,46619
"S FALCON ST & W WESTERN AVE, South Bend, IN 46619",2020/07/26,No,2020,Jul,46619
"S FALCON ST & W WESTERN AVE, South Bend, IN 46619",2020/07/26,No,2020,Jul,46619
"1200 W WASHINGTON ST, South Bend, IN 46601",2020/07/26,No,2020,Jul,46601
"100 SADIE ST, South Bend, IN 46628",2020/07/26,No,2020,Jul,46628
"100 SADIE ST, South Bend, IN 46628",2020/07/26,No,2020,Jul,46628
"4000 W WESTERN AVE, South Bend, IN 46619",2020/08/01,No,2020,Aug,46619
"1700 N IRONWOOD DR, South Bend, IN 46635",2020/08/01,No,2020,Aug,46635
"600 E SOUTH ST, South Bend, IN 46601",2020/08/06,No,2020,Aug,46601
"1500 RYER ST, South Bend, IN 46628",2020/08/07,No,2020,Aug,46628
"3600 W WASHINGTON ST, South Bend, IN 46619",2020/08/09,No,2020,Aug,46619
"1400 S WALNUT ST, South Bend, IN 46619",2020/08/11,No,2020,Aug,46619
"600 N MICHIGAN ST, South Bend, IN 46601",2020/08/15,No,2020,Aug,46601
"1700 E WOODMONT DR, South Bend, IN 46614",2020/08/15,Yes,2020,Aug,46614
"1100 N HICKORY RD, South Bend, IN 46615",2020/08/19,No,2020,Aug,46615
"1800 N HUEY ST, South Bend, IN 46628",2020/08/29,No,2020,Aug,46628
"800 E DONALD ST, South Bend, IN 46613",2020/08/29,Yes,2020,Aug,46613
"1100 HUEY ST, South Bend, IN 46628",2020/08/30,No,2020,Aug,46628
"1900 MIAMI ST, South Bend, IN 46613",2020/08/30,No,2020,Aug,46613
"800 N ELMER ST, South Bend, IN 46628",2020/09/08,No,2020,Sept,46628
"1200 N ADAMS, South Bend, IN 46628",2020/09/13,No,2020,Sept,46628
"3400 CURTISS DR, South Bend, IN 46628",2020/10/09,No,2020,Oct,46628
"600 MONROE CIR, South Bend, IN 46601",2020/10/10,No,2020,Oct,46601
"1000 LINCOLN WAY W, South Bend, IN 46616",2020/10/10,No,2020,Oct,46616
"900 PATTY LN, South Bend, IN 46615",2020/10/10,No,2020,Oct,46615
"2200 FRANKLIN ST, South Bend, IN 46613",2020/10/11,No,2020,Oct,46613
"200 COLLEGE ST, South Bend, IN 46628",2020/10/17,Yes,2020,Oct,46628
"1800 FASSNACHT AVE, South Bend, IN 46628",2020/10/17,No,2020,Oct,46628
"E MADISON ST & N SUNNYSIDE AVE, South Bend, IN 46617",2020/10/17,No,2020,Oct,46617
"1914 S MIAMI ST, South Bend, IN 46613",2020/10/22,No,2020,Oct,46613
"1300 WOODFIELD AVE, South Bend, IN 46615",2020/10/22,Yes,2020,Oct,46615
"1300 WOODFIELD AVE, South Bend, IN 46615",2020/10/22,Yes,2020,Oct,46615
"UNKNOWN, South Bend, IN ",2020/10/23,No,2020,Oct,
"900 MILTON ST, South Bend, IN 46613",2020/10/24,No,2020,Oct,46613
"800 N HUEY ST, South Bend, IN 46628",2020/10/24,No,2020,Oct,46628
"1200 E CALVERT ST, South Bend, IN 46613",2020/10/25,No,2020,Oct,46613
"3500 S HIGH ST, South Bend, IN 46614",2020/10/31,No,2020,Oct,46614
"3500 S HIGH ST, South Bend, IN 46614",2020/10/31,No,2020,Oct,46614
"1100 QUEEN ST, South Bend, IN 46616",2020/11/01,Yes,2020,Nov,46616
"700 LINCOLN WY E, South Bend, IN 46601",2020/11/02,No,2020,Nov,46601
"500 S WELLINGTON ST, South Bend, IN 46619",2020/11/15,No,2020,Nov,46619
"2500 FLINT CT, South Bend, IN 46628",2020/11/20,No,2020,Nov,46628
"3200 W Sample St, South Bend, IN 46619",2020/11/25,No,2020,Nov,46619
"1100 Fremont St, South Bend, IN 46628",2020/11/26,No,2020,Nov,46628
"W Indiana Ave & Kendall St, South Bend, IN 46613",2020/11/27,Yes,2020,Nov,46613
"E Sample St & S Michigan St, South Bend, IN 46601",2020/12/04,Yes,2020,Dec,46601
"1900 Lincoln Way W, South Bend, IN 46628",2020/12/18,No,2020,Dec,46628
"500 N Twyckenham Dr, South Bend, IN 46617",2020/12/19,No,2020,Dec,46617
"700 W Indiana Ave, South Bend, IN 46613",2020/12/27,No,2020,Dec,46613
"700 W Indiana Ave, South Bend, IN 46613",2020/12/27,No,2020,Dec,46613
"700 W Indiana Ave, South Bend, IN 46613",2020/12/27,No,2020,Dec,46613
"2000 Lincoln Way W, South Bend, IN 46628",2020/12/29,Yes,2020,Dec,46628
"400 S Falcon St, South Bend, IN 46619",2020/12/30,No,2020,Dec,46619
"Ford St & S Arnold St, South Bend, IN 46619",2020/12/31,No,2020,Dec,46619
"Ford St & S Arnold St, South Bend, IN 46619",2020/12/31,No,2020,Dec,46619
"1200 White Oak Dr, South Bend, IN 46617",2021/01/01,No,2021,Jan,46617
"500 W Marion St, South Bend, IN 46616",2021/01/02,Yes,2021,Jan,46616
"1200 Lincoln Way W, South Bend, IN 46628",2021/01/08,No,2021,Jan,46628
"2300 W Elwood Ave, South Bend, IN 46628",2021/01/21,No,2021,Jan,46628
"600 N Michigan St, South Bend, IN 46601",2021/01/23,No,2021,Jan,46601
"500 S Walnut St, South Bend, IN 46619",2021/02/06,Yes,2021,Feb,46619
"900 N Lawndale Ave, South Bend, IN 46628",2021/02/14,No,2021,Feb,46628
"1200 N Brookfield, South Bend, IN 46628",2021/02/20,Yes,2021,Feb,46628
"Roosevelt St & Cushing St, South Bend, IN 46616",2021/02/21,No,2021,Feb,46616
"4000 W Western Ave, South Bend, IN 46619",2021/02/21,No,2021,Feb,46619
"1300 E Mishawaka Ave, South Bend, IN 46544",2021/02/26,No,2021,Feb,46544
"1000 Diamond Ave, South Bend, IN 46628",2021/02/28,No,2021,Feb,46628
"1100 N Adams St, South Bend, IN 46628",2021/02/28,No,2021,Feb,46628
"1500 Liston St, South Bend, IN 46628",2021/03/01,Yes,2021,Mar,46628
"1200 White Oak Dr, South Bend, IN 46617",2021/01/01,No,2021,Jan,46617
"500 W Marion St, South Bend, IN 46616",2021/01/02,Yes,2021,Jan,46616
"1200 Lincoln Way W, South Bend, IN 46628",2021/01/08,No,2021,Jan,46628
"2300 W Elwood Ave, South Bend, IN 46628",2021/01/21,No,2021,Jan,46628
"600 N Michigan St, South Bend, IN 46601",2021/01/23,No,2021,Jan,46601
"500 S Walnut St, South Bend, IN 46619",2021/02/06,Yes,2021,Feb,46619
"900 N Lawndale Ave, South Bend, IN 46628",2021/02/14,No,2021,Feb,46628
"1200 N Brookfield, South Bend, IN 46628",2021/02/20,Yes,2021,Feb,46628
"Roosevelt St & Cushing St, South Bend, IN 46616",2021/02/21,No,2021,Feb,46616
"4000 W Western Ave, South Bend, IN 46619",2021/02/21,No,2021,Feb,46619
"1300 E Mishawaka Ave, South Bend, IN 46544",2021/02/26,No,2021,Feb,46544
"1000 Diamond Ave, South Bend, IN 46628",2021/02/28,No,2021,Feb,46628
"1100 N Adams St, South Bend, IN 46628",2021/02/28,No,2021,Feb,46628
"1500 Liston St, South Bend, IN 46628",2021/03/01,Yes,2021,Mar,46628
"E Jefferson Blvd & S Eddy St, South Bend, IN 46617",2021/03/16,No,2021,Mar,46617
"E Jefferson Blvd & S Eddy St, South Bend, IN 46617",2021/03/16,Yes,2021,Mar,46617
"1800 Huey St, South Bend, IN 46628",2021/03/25,No,2021,Mar,46628
"1200 W Napier St, South Bend, IN 46601",2021/03/14,No,2021,Mar,46601
"1700 Catalpa Ave, South Bend, IN 46613",2021/03/26,No,2021,Mar,46613
"1200 Dunham St, South Bend, IN 46619",2021/04/01,Yes,2021,Apr,46619
"1200 Dunham St, South Bend, IN 46619",2021/04/01,No,2021,Apr,46619
"1000 Lindsey Ave, South Bend, IN 46616",2021/03/20,No,2021,Mar,46616
"3400 W Curtiss Cir, South Bend, IN 46628",2021/04/04,No,2021,Apr,46628
"2300 Lincoln Way W St, South Bend, IN 46628",2021/04/04,No,2021,Apr,46628
"2100 Bertrand St, South Bend, IN 46628",2021/04/06,No,2021,Apr,46628
"700 N Frances St, South Bend, IN 46617",2021/04/06,No,2021,Apr,46617
"700 N Frances St, South Bend, IN 46617",2021/04/06,No,2021,Apr,46617
"1500 Fellows St, South Bend, IN 46613",2021/04/12,Yes,2021,Apr,46613
"1500 Fellows St, South Bend, IN 46613",2021/04/12,No,2021,Apr,46613
"700 S Lake St, South Bend, IN 46619",2021/03/28,No,2021,Mar,46619
"600 S Illinois St, South Bend, IN 46619",2021/04/27,Yes,2021,Apr,46619
"600 S Illinois St, South Bend, IN 46619",2021/04/27,No,2021,Apr,46619
"1900 Prairie Av, South Bend, IN 46613",2021/03/15,No,2021,Mar,46613
"N Johnson St & Elwood Ave, South Bend, IN 46628",2021/05/01,No,2021,May,46628
"N Johnson St & Elwood Ave, South Bend, IN 46628",2021/05/01,No,2021,May,46628
"1500 W Linden Ave, South Bend, IN 46628",2021/05/05,No,2021,May,46628
"800 N Elmer St, South Bend, IN 46628",2021/05/05,No,2021,May,46628
"800 Huey St, South Bend, IN 46628",2021/05/10,No,2021,May,46628
"2300 W Lincoln Way, South Bend, IN 46628",2021/04/03,No,2021,Apr,46628
"1200 Campeau St, South Bend, IN 46617",2021/05/19,No,2021,May,46617
"1200 Campeau St, South Bend, IN 46617",2021/05/19,No,2021,May,46617
"800 Huey St, South Bend, IN 46628",2021/05/10,No,2021,May,46628
"300 N Huey St, South Bend, IN 46628",2021/04/12,No,2021,Apr,46628
"600 N Frances, South Bend, IN 46617",2021/05/26,No,2021,May,46617
"2300 W Elwood Ave, South Bend, IN 46628",2021/05/21,No,2021,May,46628
"1300 O Brien St, South Bend, IN 46628",2021/06/02,No,2021,Jun,46628
"900 E Dubail St, South Bend, IN 46613",2021/05/28,No,2021,May,46613
"W Sample St & S Walnut St, South Bend, IN 46619",2021/06/03,No,2021,Jun,46619
"3500 E Jefferson Blvd, South Bend, IN 46615",2021/05/13,No,2021,May,46615
"1000 N Brookfield St, South Bend, IN 46628",2021/06/10,Yes,2021,Jun,46628
"900 Portage, South Bend, IN 46616",2021/06/08,No,2021,Jun,46616
"700 S Meade St, South Bend, IN 46619",2021/05/22,No,2021,May,46619
"200 E Victoria St, South Bend, IN 46614",2021/06/14,No,2021,Jun,46614
"200 E Victoria St, South Bend, IN 46614",2021/06/14,No,2021,Jun,46614
"1100 N Cleveland Ave, South Bend, IN 46628",2021/06/14,No,2021,Jun,46628
"1900 Linden Ave, South Bend, IN 46544",2021/06/14,No,2021,Jun,46544
"100 E Monroe St, South Bend, IN 46601",2021/06/22,No,2021,Jun,46601
"2300 W Elwood Ave, South Bend, IN 46628",2021/06/20,Yes,2021,Jun,46628
"1000 N Johnson St, South Bend, IN 46628",2021/07/04,No,2021,Jul,46628
"1300 N Meade St, South Bend, IN 46628",2021/07/08,No,2021,Jul,46628
"1200 N Cleveland Ave, South Bend, IN 46628",2021/07/19,No,2021,Jul,46628
"1200 N Cleveland Ave, South Bend, IN 46628",2021/07/19,No,2021,Jul,46628
"1600 Fremont St, South Bend, IN 46628",2021/07/21,No,2021,Jul,46628
"1900 S Walnut St, South Bend, IN 46613",2021/06/05,No,2021,Jun,46613
"4700 Jamestown Ct, South Bend, IN 46619",2021/07/22,No,2021,Jul,46619
"1100 Diamond Ave, South Bend, IN 46628",2021/07/24,No,2021,Jul,46628
"1200 Woodfield Ave, South Bend, IN 46615",2021/07/23,Yes,2021,Jul,46615
"700 N Brookfield St, South Bend, IN 46628",2021/07/25,Yes,2021,Jul,46628
"1200 N Eddy St, South Bend, IN 46617",2021/07/25,No,2021,Jul,46617
"1000 W Lincoln Way W, South Bend, IN 46616",2021/07/07,No,2021,Jul,46616
"4000 S Ironwood Rd, South Bend, IN 46614",2021/06/11,No,2021,Jun,46614